Variable,F_statistic,p_value
mean_fl,3.5,0.008892435576143538
median_fl,5.3,0.00047284617275988926
p75_fl,1.51,0.2019801911147891
p90_fl,2.48,0.046102341141047914
